system:time_start,bare,built,crops,flooded_vegetation,grass,shrub_and_scrub,snow_and_ice,trees,water,Count
8/5/2015,0.038,0.122,0.146,0.035,0.124,0.056,0.04,0.406,0.033,798172
8/25/2015,0.038,0.149,0.119,0.032,0.125,0.063,0.035,0.405,0.034,1065356
9/14/2015,0.043,0.148,0.128,0.031,0.116,0.072,0.035,0.388,0.037,1065356
11/13/2015,0.06,0.182,0.141,0.034,0.145,0.113,0.039,0.239,0.047,1065356
11/16/2015,0.069,0.164,0.12,0.036,0.141,0.157,0.038,0.226,0.049,1065356
11/23/2015,0.069,0.225,0.103,0.036,0.142,0.126,0.041,0.211,0.047,322066
12/3/2015,0.072,0.188,0.096,0.038,0.182,0.134,0.042,0.201,0.047,146041
12/6/2015,0.066,0.168,0.117,0.038,0.161,0.125,0.039,0.233,0.052,1033533
12/16/2015,,,,,,,,,,
12/26/2015,,,,,,,,,,
1/2/2016,0.075,0.177,0.116,0.037,0.157,0.128,0.04,0.217,0.052,1065356
1/5/2016,,,,,,,,,,
1/25/2016,,,,,,,,,,
2/14/2016,,,,,,,,,,
3/2/2016,,,,,,,,,,
4/1/2016,0.056,0.201,0.162,0.033,0.168,0.125,0.039,0.174,0.041,916923
4/14/2016,0.051,0.206,0.154,0.032,0.148,0.135,0.037,0.196,0.04,1065356
4/21/2016,0.085,0.131,0.188,0.048,0.178,0.115,0.056,0.16,0.039,150597
4/24/2016,0.049,0.17,0.163,0.033,0.139,0.113,0.036,0.261,0.036,627685
5/24/2016,0.044,0.147,0.151,0.036,0.106,0.063,0.034,0.383,0.037,363446
6/10/2016,0.04,0.207,0.167,0.039,0.136,0.057,0.041,0.281,0.031,212731
6/20/2016,0.039,0.134,0.134,0.038,0.141,0.057,0.042,0.381,0.033,358110
6/30/2016,0.04,0.13,0.144,0.036,0.144,0.059,0.04,0.374,0.031,920606
7/10/2016,0.047,0.135,0.202,0.049,0.157,0.056,0.069,0.252,0.033,35286
7/13/2016,0.051,0.104,0.144,0.043,0.121,0.068,0.055,0.369,0.045,102221
7/20/2016,0.037,0.152,0.15,0.034,0.121,0.059,0.038,0.377,0.032,958016
7/23/2016,0.04,0.145,0.153,0.034,0.106,0.067,0.039,0.38,0.037,589772
8/2/2016,0.047,0.053,0.119,0.041,0.121,0.06,0.075,0.439,0.044,34323
8/12/2016,0.037,0.096,0.115,0.032,0.12,0.064,0.036,0.46,0.041,991945
8/22/2016,0.033,0.156,0.055,0.032,0.109,0.049,0.038,0.495,0.032,48323
9/8/2016,0.036,0.097,0.095,0.038,0.11,0.054,0.039,0.491,0.04,1064019
9/11/2016,0.036,0.121,0.088,0.032,0.121,0.062,0.033,0.472,0.035,695817
10/11/2016,0.038,0.055,0.116,0.03,0.077,0.063,0.033,0.553,0.037,33667
10/18/2016,0.042,0.169,0.094,0.035,0.127,0.084,0.039,0.37,0.041,198138
10/28/2016,0.043,0.165,0.127,0.033,0.141,0.085,0.038,0.329,0.041,816708
11/7/2016,0.052,0.174,0.106,0.033,0.148,0.121,0.038,0.285,0.043,1065356
11/10/2016,0.052,0.156,0.104,0.033,0.139,0.147,0.035,0.29,0.045,1065356
11/17/2016,0.061,0.164,0.105,0.033,0.161,0.121,0.041,0.27,0.044,900631
11/27/2016,0.083,0.147,0.088,0.037,0.185,0.142,0.046,0.226,0.046,720359
12/7/2016,,,,,,,,,,
12/10/2016,0.223,0.036,0.044,0.055,0.134,0.259,0.077,0.117,0.055,2324
12/20/2016,0.074,0.163,0.099,0.042,0.154,0.124,0.042,0.248,0.054,1065356
1/26/2017,0.092,0.182,0.108,0.038,0.166,0.122,0.045,0.192,0.054,779803
3/17/2017,,,,,,,,,,
4/9/2017,0.061,0.206,0.165,0.031,0.153,0.163,0.035,0.144,0.042,1064688
4/16/2017,0.045,0.207,0.163,0.035,0.16,0.119,0.042,0.19,0.039,1034552
5/9/2017,0.041,0.157,0.128,0.033,0.13,0.07,0.033,0.374,0.033,1065356
5/16/2017,0.041,0.162,0.142,0.035,0.144,0.065,0.037,0.342,0.032,1065356
5/19/2017,0.048,0.199,0.194,0.047,0.093,0.057,0.043,0.283,0.036,89432
6/8/2017,0.04,0.166,0.151,0.033,0.125,0.058,0.034,0.36,0.033,745604
6/18/2017,0.041,0.144,0.172,0.042,0.095,0.063,0.053,0.353,0.037,62274
6/25/2017,0.045,0.184,0.152,0.046,0.136,0.061,0.049,0.294,0.032,81680
6/28/2017,0.037,0.157,0.131,0.035,0.132,0.055,0.04,0.378,0.033,151510
6/30/2017,0.04,0.167,0.167,0.034,0.116,0.056,0.038,0.348,0.033,1065356
7/3/2017,0.039,0.163,0.183,0.032,0.114,0.057,0.034,0.344,0.034,773038
7/10/2017,0.038,0.178,0.155,0.034,0.118,0.053,0.037,0.355,0.032,821108
7/18/2017,0.041,0.099,0.163,0.036,0.141,0.073,0.04,0.369,0.038,102954
7/30/2017,0.034,0.161,0.141,0.033,0.136,0.052,0.034,0.376,0.033,1065356
8/2/2017,0.037,0.233,0.15,0.037,0.101,0.061,0.035,0.307,0.039,120220
8/4/2017,0.036,0.111,0.127,0.039,0.119,0.053,0.041,0.438,0.036,998673
8/9/2017,0.035,0.142,0.117,0.034,0.129,0.051,0.035,0.425,0.033,682398
8/12/2017,,,,,,,,,,
8/17/2017,,,,,,,,,,
8/19/2017,0.034,0.139,0.103,0.036,0.104,0.046,0.04,0.461,0.036,155419
8/22/2017,,,,,,,,,,
8/24/2017,0.036,0.124,0.134,0.037,0.123,0.05,0.038,0.425,0.035,859022
9/8/2017,0.035,0.097,0.098,0.032,0.082,0.04,0.036,0.545,0.035,86168
9/16/2017,0.038,0.123,0.081,0.036,0.085,0.057,0.038,0.502,0.04,202784
9/21/2017,0.039,0.11,0.135,0.037,0.098,0.052,0.04,0.452,0.038,149226
9/23/2017,0.04,0.233,0.091,0.035,0.108,0.07,0.036,0.346,0.041,103315
9/28/2017,0.037,0.151,0.106,0.032,0.116,0.063,0.034,0.423,0.038,1065356
10/1/2017,0.046,0.233,0.124,0.033,0.087,0.071,0.031,0.336,0.04,145154
10/3/2017,0.04,0.147,0.094,0.033,0.11,0.068,0.037,0.433,0.038,583601
10/18/2017,0.038,0.148,0.122,0.032,0.111,0.071,0.034,0.403,0.041,1065356
10/21/2017,0.043,0.135,0.126,0.032,0.118,0.086,0.033,0.385,0.042,561549
10/26/2017,0.05,0.143,0.208,0.041,0.145,0.092,0.035,0.237,0.049,4825
10/31/2017,0.043,0.147,0.122,0.032,0.136,0.087,0.035,0.355,0.043,727065
11/2/2017,0.044,0.142,0.107,0.035,0.142,0.097,0.038,0.351,0.044,1065356
11/10/2017,,,,,,,,,,
11/15/2017,,,,,,,,,,
11/17/2017,0.053,0.171,0.114,0.033,0.153,0.105,0.039,0.288,0.045,1065356
11/20/2017,0.055,0.162,0.114,0.033,0.148,0.118,0.038,0.284,0.047,1065356
11/22/2017,0.074,0.168,0.09,0.036,0.199,0.13,0.047,0.21,0.046,10273
11/27/2017,0.081,0.075,0.076,0.031,0.151,0.128,0.038,0.375,0.043,46306
11/30/2017,0.09,0.155,0.085,0.038,0.154,0.135,0.049,0.232,0.062,203549
12/7/2017,0.072,0.184,0.082,0.036,0.16,0.119,0.044,0.252,0.05,571417
12/25/2017,,,,,,,,,,
1/1/2018,0.117,0.096,0.212,0.081,0.092,0.108,0.179,0.055,0.059,1298
1/6/2018,,,,,,,,,,
1/26/2018,0.087,0.172,0.128,0.043,0.122,0.101,0.045,0.251,0.052,1065356
1/31/2018,0.093,0.192,0.125,0.042,0.129,0.105,0.045,0.218,0.05,1065356
2/5/2018,0.104,0.062,0.097,0.197,0.085,0.093,0.108,0.076,0.179,46542
2/8/2018,0.083,0.128,0.112,0.139,0.102,0.136,0.052,0.172,0.077,43452
2/13/2018,0.082,0.153,0.144,0.041,0.112,0.119,0.041,0.255,0.052,1065356
2/18/2018,,,,,,,,,,
2/20/2018,0.08,0.191,0.167,0.046,0.107,0.11,0.039,0.203,0.056,409051
3/5/2018,0.085,0.178,0.141,0.03,0.131,0.171,0.037,0.18,0.047,1065356
3/10/2018,0.082,0.183,0.125,0.03,0.141,0.138,0.039,0.216,0.046,1065356
3/22/2018,0.083,0.036,0.031,0.03,0.027,0.022,0.704,0.025,0.041,1065352
3/25/2018,0.068,0.098,0.089,0.042,0.088,0.113,0.375,0.08,0.047,905233
4/14/2018,0.071,0.206,0.166,0.031,0.148,0.137,0.039,0.158,0.044,1065356
4/26/2018,0.048,0.227,0.175,0.032,0.143,0.102,0.039,0.194,0.04,1065356
5/1/2018,0.048,0.217,0.16,0.033,0.146,0.11,0.042,0.208,0.037,1065356
5/9/2018,0.042,0.179,0.135,0.033,0.107,0.073,0.035,0.361,0.036,1065356
5/11/2018,,,,,,,,,,
5/21/2018,0.044,0.16,0.153,0.046,0.119,0.06,0.042,0.34,0.037,688151
5/24/2018,0.043,0.165,0.137,0.034,0.117,0.06,0.033,0.376,0.034,1065356
5/26/2018,0.044,0.18,0.191,0.043,0.101,0.059,0.042,0.304,0.035,734240
6/15/2018,0.039,0.171,0.152,0.035,0.142,0.056,0.037,0.337,0.031,1065356
6/18/2018,0.04,0.073,0.175,0.043,0.096,0.053,0.048,0.437,0.037,219307
6/25/2018,0.037,0.149,0.171,0.041,0.132,0.051,0.04,0.344,0.034,803483
6/28/2018,,,,,,,,,,
6/30/2018,0.039,0.121,0.14,0.04,0.125,0.053,0.044,0.405,0.033,625004
7/3/2018,0.037,0.111,0.137,0.034,0.109,0.056,0.037,0.442,0.036,925603
7/5/2018,,,,,,,,,,
7/8/2018,0.037,0.16,0.138,0.03,0.112,0.057,0.032,0.4,0.034,1065356
7/10/2018,0.038,0.152,0.157,0.036,0.115,0.055,0.04,0.374,0.032,1032640
7/13/2018,0.036,0.169,0.161,0.033,0.097,0.057,0.035,0.379,0.034,1065356
7/18/2018,0.037,0.159,0.129,0.031,0.114,0.058,0.032,0.407,0.033,1065356
7/28/2018,0.035,0.135,0.124,0.035,0.117,0.051,0.034,0.434,0.036,1050102
8/4/2018,0.053,0.125,0.111,0.056,0.111,0.082,0.064,0.359,0.039,20740
8/7/2018,0.037,0.118,0.114,0.034,0.099,0.049,0.038,0.471,0.04,382355
8/9/2018,0.036,0.066,0.056,0.04,0.106,0.044,0.052,0.563,0.036,12224
8/12/2018,,,,,,,,,,
8/14/2018,0.035,0.142,0.179,0.047,0.1,0.048,0.048,0.363,0.039,102850
8/17/2018,0.036,0.113,0.122,0.036,0.105,0.05,0.04,0.458,0.039,683321
8/19/2018,,,,,,,,,,
8/24/2018,0.036,0.149,0.126,0.035,0.125,0.052,0.037,0.408,0.032,202031
8/27/2018,0.049,0.05,0.106,0.049,0.09,0.065,0.08,0.47,0.041,31538
8/29/2018,0.035,0.109,0.099,0.036,0.1,0.052,0.039,0.492,0.038,1065356
9/3/2018,0.034,0.095,0.107,0.034,0.126,0.053,0.036,0.475,0.039,550704
9/6/2018,0.034,0.121,0.093,0.033,0.11,0.061,0.033,0.473,0.04,1065356
9/16/2018,,,,,,,,,,
9/26/2018,,,,,,,,,,
9/28/2018,0.045,0.123,0.128,0.041,0.116,0.068,0.048,0.384,0.046,217601
10/1/2018,0.04,0.112,0.084,0.036,0.111,0.076,0.034,0.464,0.043,1065356
10/3/2018,0.047,0.102,0.143,0.036,0.091,0.081,0.04,0.412,0.048,2647
10/8/2018,,,,,,,,,,
10/13/2018,0.05,0.214,0.124,0.039,0.128,0.081,0.045,0.275,0.042,29095
10/18/2018,0.041,0.144,0.12,0.033,0.114,0.074,0.036,0.399,0.04,934692
10/21/2018,0.04,0.16,0.067,0.035,0.117,0.089,0.04,0.413,0.039,26130
10/23/2018,0.041,0.148,0.117,0.032,0.118,0.073,0.035,0.395,0.04,1065356
10/31/2018,0.047,0.123,0.094,0.035,0.13,0.099,0.037,0.39,0.044,566282
11/10/2018,0.05,0.234,0.111,0.034,0.125,0.092,0.039,0.27,0.045,195229
11/22/2018,,,,,,,,,,
11/25/2018,0.057,0.146,0.121,0.041,0.146,0.11,0.038,0.29,0.051,865441
12/7/2018,0.075,0.176,0.1,0.037,0.162,0.117,0.043,0.24,0.05,988794
12/22/2018,,,,,,,,,,
12/27/2018,0.083,0.171,0.105,0.042,0.153,0.123,0.042,0.225,0.055,1065356
1/6/2019,0.078,0.161,0.12,0.039,0.164,0.11,0.044,0.233,0.052,560364
1/11/2019,0.082,0.195,0.103,0.037,0.146,0.111,0.043,0.231,0.052,1065356
1/14/2019,0.075,0.041,0.031,0.03,0.026,0.026,0.704,0.026,0.04,706652
2/8/2019,0.072,0.141,0.145,0.046,0.13,0.122,0.04,0.253,0.053,780575
2/15/2019,0.085,0.197,0.116,0.038,0.148,0.108,0.043,0.216,0.049,1065356
2/25/2019,,,,,,,,,,
2/28/2019,0.081,0.182,0.148,0.032,0.124,0.129,0.04,0.218,0.047,1065356
3/5/2019,0.082,0.167,0.128,0.055,0.101,0.143,0.125,0.146,0.054,317346
3/12/2019,0.075,0.195,0.14,0.034,0.13,0.104,0.044,0.234,0.045,1065356
3/17/2019,0.074,0.272,0.092,0.032,0.127,0.11,0.044,0.205,0.045,148101
4/1/2019,0.061,0.237,0.156,0.031,0.151,0.103,0.042,0.179,0.042,234362
4/4/2019,0.065,0.199,0.325,0.04,0.106,0.091,0.044,0.087,0.043,592322
4/6/2019,0.063,0.224,0.165,0.032,0.141,0.103,0.04,0.19,0.042,1065356
4/11/2019,0.055,0.174,0.209,0.032,0.122,0.1,0.041,0.224,0.043,49617
4/21/2019,0.036,0.412,0.065,0.036,0.079,0.062,0.04,0.233,0.038,30170
4/24/2019,0.04,0.204,0.132,0.033,0.119,0.082,0.037,0.318,0.035,676788
5/6/2019,0.045,0.098,0.26,0.053,0.163,0.05,0.051,0.244,0.036,30182
5/16/2019,,,,,,,,,,
5/19/2019,0.038,0.156,0.15,0.044,0.11,0.052,0.037,0.374,0.037,337062
5/24/2019,0.041,0.173,0.142,0.033,0.126,0.058,0.032,0.361,0.033,1065356
5/26/2019,,,,,,,,,,
5/29/2019,0.04,0.157,0.115,0.04,0.085,0.047,0.042,0.44,0.034,244264
5/31/2019,0.04,0.171,0.162,0.04,0.132,0.053,0.038,0.331,0.033,633235
6/3/2019,0.039,0.174,0.149,0.034,0.117,0.053,0.033,0.368,0.033,1065356
6/15/2019,0.043,0.153,0.171,0.044,0.151,0.061,0.045,0.301,0.032,617539
6/20/2019,,,,,,,,,,
6/23/2019,0.04,0.166,0.145,0.032,0.117,0.056,0.034,0.378,0.032,1065356
6/28/2019,0.039,0.128,0.129,0.033,0.105,0.058,0.035,0.437,0.035,1065356
6/30/2019,0.038,0.169,0.146,0.033,0.124,0.056,0.036,0.365,0.031,1065356
7/5/2019,,,,,,,,,,
7/10/2019,0.036,0.128,0.147,0.037,0.147,0.053,0.04,0.379,0.033,242498
7/13/2019,0.037,0.146,0.131,0.033,0.128,0.058,0.034,0.398,0.035,646213
7/15/2019,0.038,0.137,0.127,0.035,0.136,0.055,0.039,0.401,0.032,937812
7/25/2019,0.036,0.132,0.132,0.038,0.114,0.05,0.041,0.424,0.034,1063706
7/28/2019,0.036,0.12,0.114,0.035,0.102,0.051,0.037,0.468,0.036,1051384
7/30/2019,0.036,0.15,0.126,0.034,0.109,0.051,0.037,0.423,0.034,1065356
8/4/2019,0.039,0.133,0.136,0.039,0.112,0.052,0.043,0.412,0.034,405159
8/9/2019,0.035,0.13,0.091,0.034,0.096,0.045,0.039,0.497,0.034,220664
8/12/2019,0.035,0.15,0.128,0.033,0.111,0.055,0.033,0.419,0.036,1036280
8/17/2019,,,,,,,,,,
8/19/2019,,,,,,,,,,
8/22/2019,0.033,0.115,0.112,0.035,0.106,0.05,0.037,0.476,0.036,260605
8/24/2019,0.036,0.137,0.12,0.036,0.122,0.052,0.038,0.423,0.036,736601
8/29/2019,0.035,0.162,0.114,0.034,0.107,0.05,0.035,0.427,0.035,257848
9/3/2019,0.037,0.129,0.106,0.035,0.113,0.056,0.037,0.45,0.036,785362
9/8/2019,0.036,0.149,0.111,0.033,0.11,0.057,0.036,0.432,0.036,1036608
9/11/2019,0.036,0.132,0.1,0.034,0.101,0.061,0.035,0.463,0.04,1065356
9/16/2019,0.037,0.122,0.089,0.035,0.109,0.072,0.035,0.46,0.04,1065356
9/18/2019,0.038,0.122,0.09,0.033,0.099,0.061,0.041,0.477,0.039,4280
9/21/2019,0.04,0.14,0.092,0.033,0.106,0.079,0.033,0.437,0.04,1065356
9/28/2019,0.055,0.075,0.121,0.034,0.128,0.095,0.038,0.415,0.039,89827
10/1/2019,0.045,0.128,0.094,0.036,0.105,0.089,0.036,0.424,0.044,827857
10/11/2019,0.048,0.143,0.106,0.031,0.097,0.1,0.033,0.401,0.041,1065356
10/18/2019,0.046,0.159,0.111,0.032,0.122,0.087,0.036,0.366,0.04,985342
10/21/2019,0.047,0.137,0.101,0.034,0.109,0.094,0.035,0.401,0.042,1059691
10/23/2019,0.043,0.155,0.109,0.033,0.112,0.08,0.036,0.389,0.042,347873
10/28/2019,0.047,0.162,0.109,0.032,0.127,0.096,0.037,0.347,0.043,1065356
11/2/2019,0.048,0.184,0.122,0.033,0.13,0.107,0.037,0.293,0.045,1065356
11/10/2019,0.057,0.197,0.116,0.033,0.125,0.121,0.038,0.266,0.047,622906
11/15/2019,0.067,0.134,0.11,0.036,0.114,0.158,0.036,0.293,0.051,916923
11/25/2019,0.071,0.155,0.102,0.037,0.147,0.149,0.039,0.25,0.049,1065356
12/5/2019,0.087,0.173,0.098,0.038,0.139,0.127,0.044,0.244,0.05,209658
12/12/2019,0.08,0.215,0.101,0.042,0.151,0.121,0.051,0.187,0.053,1065356
12/15/2019,0.11,0.081,0.056,0.04,0.281,0.176,0.048,0.159,0.049,10235
12/20/2019,0.083,0.177,0.108,0.037,0.142,0.108,0.043,0.249,0.053,1065356
1/1/2020,0.1,0.153,0.091,0.04,0.169,0.138,0.046,0.212,0.052,791373
1/6/2020,0.106,0.218,0.098,0.039,0.138,0.129,0.051,0.158,0.062,70950
1/16/2020,0.088,0.184,0.101,0.036,0.159,0.117,0.044,0.222,0.049,626299
1/21/2020,0.085,0.198,0.1,0.038,0.151,0.117,0.044,0.217,0.05,1065356
1/26/2020,,,,,,,,,,
1/29/2020,0.089,0.219,0.087,0.044,0.162,0.13,0.048,0.176,0.046,9936
2/3/2020,0.089,0.171,0.113,0.038,0.166,0.125,0.041,0.207,0.05,906107
2/8/2020,,,,,,,,,,
2/23/2020,0.109,0.09,0.06,0.028,0.093,0.192,0.048,0.318,0.062,2605
3/1/2020,0.079,0.205,0.118,0.033,0.158,0.113,0.042,0.207,0.046,1065356
3/4/2020,0.077,0.168,0.12,0.032,0.145,0.164,0.037,0.21,0.046,1065356
3/9/2020,0.076,0.197,0.13,0.029,0.151,0.13,0.039,0.203,0.045,1065356
3/26/2020,,,,,,,,,,
4/3/2020,0.059,0.208,0.142,0.032,0.137,0.185,0.034,0.161,0.042,1065356
4/8/2020,,,,,,,,,,
4/15/2020,0.037,0.267,0.143,0.036,0.157,0.083,0.04,0.199,0.037,226364
5/10/2020,,,,,,,,,,
5/13/2020,0.046,0.193,0.114,0.035,0.118,0.075,0.04,0.343,0.035,631692
5/15/2020,,,,,,,,,,
5/23/2020,0.056,0.098,0.175,0.044,0.151,0.097,0.092,0.246,0.04,778
5/30/2020,0.045,0.174,0.146,0.036,0.137,0.063,0.038,0.33,0.032,1065356
6/7/2020,0.041,0.187,0.154,0.034,0.116,0.057,0.034,0.344,0.034,868492
6/9/2020,0.042,0.125,0.192,0.044,0.151,0.058,0.043,0.312,0.034,22559
6/14/2020,,,,,,,,,,
6/22/2020,0.042,0.173,0.141,0.038,0.107,0.058,0.038,0.366,0.037,140778
6/24/2020,0.038,0.179,0.147,0.04,0.156,0.055,0.037,0.315,0.032,569282
6/29/2020,0.04,0.155,0.136,0.041,0.128,0.052,0.046,0.369,0.033,662280
7/2/2020,0.044,0.131,0.098,0.036,0.114,0.053,0.045,0.447,0.032,66178
7/4/2020,0.039,0.151,0.162,0.036,0.123,0.052,0.04,0.365,0.032,553455
7/9/2020,0.039,0.109,0.115,0.043,0.144,0.061,0.058,0.391,0.041,28600
7/12/2020,0.037,0.156,0.126,0.033,0.103,0.058,0.036,0.415,0.036,736819
7/14/2020,0.036,0.179,0.141,0.032,0.12,0.055,0.035,0.371,0.032,1065356
7/19/2020,0.039,0.13,0.152,0.037,0.098,0.058,0.043,0.407,0.035,889712
7/27/2020,0.037,0.172,0.152,0.032,0.085,0.062,0.036,0.387,0.037,540536
7/29/2020,0.036,0.182,0.135,0.033,0.097,0.062,0.037,0.384,0.034,916388
8/3/2020,,,,,,,,,,
8/11/2020,0.037,0.077,0.076,0.036,0.068,0.052,0.056,0.558,0.038,20736
8/23/2020,0.032,0.174,0.095,0.036,0.117,0.05,0.037,0.421,0.039,42598
8/26/2020,0.034,0.132,0.108,0.034,0.098,0.049,0.034,0.473,0.038,1042073
8/28/2020,0.047,0.045,0.121,0.054,0.137,0.066,0.076,0.423,0.032,8667
9/5/2020,0.034,0.135,0.098,0.032,0.116,0.054,0.031,0.463,0.036,1065356
9/7/2020,0.037,0.123,0.144,0.039,0.113,0.051,0.038,0.417,0.038,426157
9/15/2020,0.042,0.083,0.07,0.045,0.112,0.065,0.054,0.49,0.039,1065356
9/20/2020,0.037,0.131,0.088,0.032,0.104,0.066,0.033,0.474,0.036,1065356
9/22/2020,0.036,0.15,0.101,0.032,0.112,0.057,0.035,0.441,0.037,1065356
9/30/2020,0.039,0.112,0.104,0.034,0.112,0.064,0.038,0.46,0.037,62509
10/2/2020,0.036,0.179,0.127,0.034,0.121,0.057,0.034,0.371,0.039,177580
10/5/2020,0.042,0.193,0.072,0.035,0.115,0.064,0.042,0.4,0.037,69243
10/7/2020,0.04,0.134,0.097,0.034,0.124,0.069,0.037,0.425,0.04,1065356
10/15/2020,0.042,0.139,0.091,0.033,0.119,0.084,0.033,0.419,0.041,1065356
10/17/2020,0.04,0.155,0.11,0.033,0.123,0.077,0.036,0.386,0.04,1056296
11/4/2020,0.047,0.165,0.104,0.032,0.118,0.129,0.035,0.326,0.045,1065356
11/6/2020,0.049,0.176,0.111,0.034,0.138,0.109,0.039,0.299,0.045,1065356
11/9/2020,0.06,0.147,0.091,0.037,0.134,0.189,0.038,0.253,0.051,1045253
11/14/2020,0.07,0.136,0.11,0.037,0.114,0.126,0.038,0.309,0.06,308153
11/16/2020,0.062,0.188,0.123,0.035,0.144,0.119,0.039,0.242,0.049,1065344
11/24/2020,0.067,0.182,0.11,0.036,0.144,0.119,0.039,0.252,0.05,1065356
11/26/2020,0.125,0.09,0.093,0.04,0.162,0.166,0.042,0.231,0.051,144179
11/29/2020,0.075,0.173,0.103,0.038,0.15,0.145,0.039,0.223,0.052,1065356
12/1/2020,0.065,0.068,0.183,0.037,0.217,0.121,0.041,0.226,0.041,17968
12/6/2020,0.073,0.18,0.117,0.037,0.17,0.116,0.043,0.214,0.05,678096
12/11/2020,0.077,0.183,0.111,0.037,0.15,0.112,0.041,0.235,0.054,1065356
12/26/2020,,,,,,,,,,
12/29/2020,0.076,0.174,0.1,0.038,0.172,0.123,0.043,0.225,0.051,1065356
1/10/2021,0.077,0.191,0.089,0.038,0.172,0.113,0.043,0.226,0.05,1065356
1/13/2021,0.084,0.182,0.09,0.041,0.167,0.123,0.041,0.221,0.052,1065356
1/20/2021,0.131,0.139,0.058,0.038,0.206,0.157,0.049,0.178,0.045,90193
1/23/2021,0.088,0.157,0.084,0.037,0.158,0.126,0.044,0.258,0.048,486411
1/28/2021,0.079,0.174,0.091,0.04,0.166,0.128,0.043,0.231,0.048,1042329
1/30/2021,0.082,0.194,0.091,0.038,0.164,0.113,0.045,0.227,0.047,1065356
2/4/2021,0.071,0.036,0.033,0.033,0.029,0.026,0.699,0.029,0.043,687973
2/24/2021,0.058,0.052,0.042,0.04,0.037,0.056,0.625,0.044,0.046,1065356
3/4/2021,0.084,0.151,0.121,0.04,0.204,0.118,0.049,0.184,0.049,147036
3/6/2021,0.065,0.321,0.065,0.037,0.155,0.136,0.067,0.112,0.042,601
3/11/2021,0.079,0.223,0.129,0.032,0.151,0.101,0.045,0.196,0.045,674184
3/14/2021,0.077,0.203,0.139,0.03,0.142,0.131,0.04,0.193,0.045,1065356
3/19/2021,0.068,0.081,0.15,0.032,0.144,0.128,0.039,0.317,0.041,10948
3/21/2021,0.067,0.166,0.146,0.031,0.176,0.098,0.043,0.23,0.041,451616
3/26/2021,0.064,0.24,0.145,0.032,0.154,0.106,0.042,0.173,0.044,198535
3/29/2021,0.056,0.22,0.151,0.031,0.153,0.126,0.037,0.183,0.042,802726
4/3/2021,0.056,0.246,0.145,0.03,0.137,0.139,0.036,0.168,0.042,706652
4/5/2021,0.055,0.236,0.151,0.032,0.169,0.109,0.041,0.166,0.041,1065356
4/8/2021,,,,,,,,,,
4/18/2021,0.041,0.213,0.137,0.034,0.133,0.121,0.036,0.246,0.039,1034546
4/23/2021,0.04,0.215,0.135,0.034,0.125,0.097,0.037,0.281,0.037,1065356
4/30/2021,0.038,0.206,0.153,0.037,0.126,0.062,0.038,0.306,0.034,965530
5/5/2021,0.039,0.159,0.122,0.049,0.121,0.056,0.042,0.372,0.04,426751
5/10/2021,0.073,0.176,0.136,0.059,0.155,0.083,0.116,0.166,0.035,21863
5/13/2021,0.041,0.183,0.132,0.034,0.118,0.061,0.034,0.363,0.033,821863
5/15/2021,0.041,0.161,0.144,0.037,0.135,0.058,0.04,0.354,0.03,448061
5/18/2021,0.045,0.133,0.144,0.035,0.129,0.063,0.036,0.382,0.033,314739
5/20/2021,0.038,0.162,0.147,0.04,0.124,0.052,0.039,0.366,0.031,406711
5/23/2021,0.043,0.19,0.155,0.037,0.096,0.054,0.036,0.356,0.035,747209
6/14/2021,0.035,0.07,0.095,0.042,0.093,0.046,0.043,0.544,0.032,117085
6/17/2021,0.04,0.167,0.132,0.032,0.111,0.059,0.033,0.394,0.033,1065356
6/24/2021,0.04,0.149,0.149,0.038,0.133,0.055,0.041,0.363,0.032,802938
6/27/2021,0.036,0.048,0.19,0.046,0.307,0.056,0.039,0.244,0.034,1774
6/29/2021,0.038,0.166,0.145,0.034,0.12,0.055,0.038,0.372,0.034,1065356
7/4/2021,0.037,0.176,0.127,0.038,0.108,0.051,0.043,0.387,0.033,177201
7/7/2021,0.038,0.093,0.136,0.039,0.094,0.053,0.042,0.469,0.038,539895
7/12/2021,0.035,0.131,0.126,0.032,0.112,0.055,0.035,0.436,0.038,993209
7/14/2021,0.037,0.154,0.145,0.043,0.099,0.052,0.048,0.386,0.035,255277
7/17/2021,0.044,0.061,0.103,0.036,0.103,0.054,0.039,0.522,0.038,4165
7/24/2021,0.033,0.144,0.098,0.037,0.055,0.045,0.057,0.501,0.031,649
7/27/2021,0.037,0.165,0.126,0.035,0.088,0.048,0.037,0.431,0.035,282216
8/8/2021,0.034,0.162,0.127,0.033,0.099,0.051,0.036,0.424,0.034,1065356
8/11/2021,0.034,0.121,0.118,0.034,0.099,0.052,0.036,0.467,0.039,1065356
8/13/2021,0.039,0.097,0.138,0.045,0.081,0.058,0.047,0.453,0.041,119559
8/23/2021,0.037,0.092,0.12,0.041,0.095,0.05,0.049,0.478,0.039,285429
8/26/2021,0.035,0.102,0.097,0.036,0.092,0.049,0.037,0.51,0.041,839692
8/28/2021,0.035,0.112,0.124,0.036,0.094,0.05,0.041,0.469,0.04,855408
9/2/2021,0.034,0.142,0.118,0.035,0.115,0.05,0.035,0.437,0.035,1065356
9/7/2021,0.033,0.149,0.099,0.034,0.107,0.05,0.034,0.458,0.037,1065356
9/10/2021,0.034,0.141,0.09,0.034,0.113,0.052,0.033,0.467,0.036,596987
9/12/2021,0.039,0.1,0.098,0.04,0.109,0.055,0.044,0.475,0.04,1056445
9/20/2021,0.034,0.144,0.109,0.036,0.114,0.05,0.034,0.439,0.04,476485
9/27/2021,0.034,0.153,0.103,0.034,0.115,0.053,0.034,0.436,0.038,805557
9/30/2021,0.038,0.162,0.113,0.035,0.104,0.059,0.035,0.415,0.039,377811
10/2/2021,0.038,0.136,0.107,0.034,0.112,0.06,0.034,0.441,0.038,916923
10/17/2021,0.036,0.153,0.123,0.034,0.111,0.06,0.035,0.408,0.04,547778
10/20/2021,0.04,0.138,0.099,0.032,0.104,0.079,0.033,0.435,0.041,1065356
10/22/2021,0.041,0.147,0.102,0.034,0.12,0.078,0.037,0.399,0.041,789062
10/25/2021,0.043,0.124,0.089,0.034,0.108,0.089,0.035,0.437,0.042,706652
10/27/2021,0.04,0.147,0.102,0.034,0.113,0.077,0.035,0.411,0.042,961797
11/1/2021,0.04,0.164,0.119,0.034,0.124,0.08,0.037,0.36,0.043,1042093
11/9/2021,0.047,0.154,0.102,0.032,0.131,0.107,0.035,0.346,0.045,1065356
11/16/2021,0.062,0.174,0.118,0.034,0.193,0.114,0.041,0.223,0.041,470284
11/19/2021,0.054,0.18,0.111,0.034,0.15,0.114,0.039,0.272,0.046,529473
11/24/2021,0.06,0.174,0.107,0.036,0.147,0.135,0.038,0.255,0.048,1065356
11/26/2021,0.063,0.19,0.102,0.035,0.171,0.109,0.041,0.246,0.044,835902
12/1/2021,,,,,,,,,,
12/4/2021,0.082,0.246,0.074,0.039,0.14,0.133,0.042,0.191,0.053,18113
12/14/2021,0.077,0.17,0.095,0.039,0.159,0.142,0.041,0.227,0.051,1065356
12/16/2021,0.091,0.177,0.122,0.034,0.132,0.102,0.042,0.25,0.049,140501
12/24/2021,0.086,0.17,0.092,0.04,0.162,0.137,0.042,0.22,0.051,1061941
12/26/2021,0.067,0.163,0.096,0.043,0.147,0.124,0.039,0.269,0.051,1065356
1/8/2022,0.069,0.04,0.033,0.032,0.027,0.029,0.7,0.03,0.041,958974
1/10/2022,,,,,,,,,,
2/2/2022,,,,,,,,,,
2/9/2022,0.081,0.201,0.122,0.038,0.137,0.103,0.043,0.227,0.049,1065356
2/27/2022,0.076,0.191,0.142,0.033,0.12,0.114,0.04,0.238,0.046,1065356
3/4/2022,0.081,0.182,0.144,0.031,0.126,0.141,0.04,0.209,0.045,1065356
3/11/2022,0.072,0.216,0.141,0.033,0.144,0.101,0.042,0.207,0.044,1042759
3/14/2022,0.055,0.053,0.04,0.039,0.033,0.057,0.622,0.056,0.046,1065356
3/16/2022,0.068,0.232,0.146,0.032,0.134,0.098,0.042,0.205,0.043,1065356
3/21/2022,0.094,0.287,0.101,0.036,0.124,0.119,0.052,0.139,0.048,73765
3/29/2022,0.06,0.226,0.161,0.03,0.134,0.132,0.037,0.179,0.042,917507
4/8/2022,0.052,0.225,0.139,0.033,0.137,0.122,0.037,0.213,0.042,478630
4/15/2022,0.045,0.246,0.156,0.032,0.146,0.104,0.04,0.192,0.038,1065356
4/20/2022,0.043,0.219,0.173,0.034,0.15,0.104,0.041,0.199,0.038,731397
4/28/2022,0.04,0.222,0.147,0.034,0.122,0.096,0.037,0.267,0.036,1065356
5/10/2022,0.041,0.181,0.129,0.035,0.132,0.069,0.04,0.34,0.032,1065356
5/15/2022,0.041,0.161,0.162,0.045,0.125,0.063,0.04,0.325,0.037,764992
5/18/2022,0.041,0.194,0.178,0.038,0.122,0.059,0.033,0.301,0.034,707810
5/30/2022,0.043,0.17,0.17,0.044,0.129,0.055,0.041,0.316,0.034,913631
6/2/2022,0.04,0.158,0.12,0.038,0.093,0.053,0.038,0.425,0.035,402020
6/4/2022,0.039,0.196,0.171,0.037,0.135,0.053,0.037,0.302,0.031,996449
6/17/2022,0.034,0.174,0.148,0.036,0.109,0.049,0.037,0.375,0.037,132384
6/19/2022,0.038,0.184,0.155,0.035,0.127,0.056,0.038,0.337,0.029,1065356
6/29/2022,0.038,0.162,0.148,0.037,0.113,0.055,0.04,0.375,0.032,1065356
7/4/2022,0.037,0.185,0.151,0.033,0.117,0.053,0.037,0.357,0.031,1065356
7/12/2022,0.048,0.32,0.136,0.051,0.091,0.062,0.049,0.198,0.044,23002
7/14/2022,0.035,0.157,0.13,0.037,0.145,0.057,0.041,0.365,0.033,236671
7/19/2022,0.035,0.134,0.125,0.037,0.118,0.054,0.041,0.423,0.033,652812
7/22/2022,0.035,0.14,0.12,0.031,0.109,0.06,0.034,0.437,0.035,890357
8/3/2022,0.034,0.155,0.102,0.032,0.096,0.052,0.037,0.457,0.034,247767
8/8/2022,0.035,0.115,0.127,0.036,0.122,0.058,0.04,0.43,0.038,760270
8/11/2022,0.034,0.154,0.088,0.032,0.113,0.055,0.032,0.456,0.035,215235
8/13/2022,0.035,0.176,0.118,0.031,0.119,0.056,0.035,0.397,0.033,1065356
8/16/2022,0.037,0.17,0.118,0.039,0.115,0.069,0.04,0.373,0.039,116772
8/18/2022,0.034,0.155,0.107,0.033,0.119,0.059,0.036,0.422,0.035,1065356
8/23/2022,0.035,0.229,0.068,0.033,0.059,0.041,0.042,0.46,0.032,4622
8/26/2022,0.035,0.101,0.101,0.033,0.108,0.057,0.038,0.487,0.039,74974
8/28/2022,0.053,0.086,0.068,0.039,0.132,0.195,0.104,0.277,0.047,106
8/31/2022,0.035,0.091,0.089,0.033,0.122,0.063,0.036,0.494,0.036,214499
9/15/2022,0.034,0.125,0.053,0.034,0.058,0.044,0.037,0.571,0.042,7805
9/17/2022,0.041,0.117,0.094,0.037,0.11,0.07,0.043,0.45,0.039,855479
9/20/2022,0.036,0.13,0.078,0.033,0.095,0.068,0.034,0.489,0.037,482378
9/27/2022,0.04,0.147,0.093,0.034,0.105,0.063,0.039,0.441,0.038,162901
10/7/2022,0.037,0.133,0.096,0.035,0.108,0.06,0.036,0.456,0.04,1065356
10/10/2022,0.038,0.129,0.081,0.033,0.107,0.073,0.034,0.466,0.038,1065356
10/15/2022,0.037,0.147,0.092,0.034,0.12,0.07,0.033,0.425,0.041,1065356
10/20/2022,0.041,0.144,0.091,0.033,0.122,0.088,0.034,0.408,0.039,1065356
10/22/2022,0.04,0.16,0.101,0.034,0.131,0.073,0.036,0.385,0.04,1065356
10/27/2022,0.042,0.176,0.11,0.033,0.123,0.09,0.037,0.347,0.042,1065356
10/30/2022,0.046,0.166,0.097,0.033,0.125,0.115,0.036,0.339,0.043,1065356
11/1/2022,0.047,0.185,0.09,0.036,0.105,0.096,0.04,0.355,0.046,220940
11/9/2022,0.057,0.182,0.108,0.034,0.123,0.166,0.036,0.246,0.048,1065356
11/14/2022,0.063,0.182,0.116,0.035,0.144,0.125,0.04,0.246,0.047,669275
11/19/2022,0.064,0.185,0.106,0.036,0.146,0.134,0.038,0.24,0.048,1060799
11/21/2022,0.067,0.204,0.11,0.035,0.143,0.113,0.04,0.24,0.048,1065356
11/26/2022,0.073,0.187,0.102,0.038,0.157,0.13,0.041,0.224,0.049,1065356
12/1/2022,0.065,0.198,0.099,0.035,0.162,0.105,0.041,0.249,0.048,1065356
12/9/2022,0.07,0.177,0.103,0.038,0.151,0.126,0.04,0.242,0.054,1065356
12/16/2022,0.069,0.148,0.095,0.042,0.171,0.127,0.04,0.253,0.054,987517
12/19/2022,0.088,0.18,0.085,0.041,0.195,0.135,0.044,0.181,0.051,459926
12/21/2022,0.079,0.191,0.087,0.04,0.165,0.119,0.041,0.226,0.052,1065356
12/24/2022,0.179,0.054,0.111,0.048,0.056,0.129,0.074,0.158,0.189,551388
12/26/2022,0.092,0.294,0.054,0.034,0.101,0.113,0.043,0.215,0.053,97177
12/29/2022,0.087,0.169,0.085,0.043,0.155,0.135,0.043,0.228,0.055,1065354
1/5/2023,0.136,0.044,0.043,0.042,0.066,0.131,0.1,0.099,0.34,4781
1/13/2023,0.084,0.171,0.112,0.046,0.172,0.122,0.05,0.186,0.055,51868
1/15/2023,0.083,0.192,0.088,0.039,0.159,0.118,0.044,0.225,0.051,1065356
1/20/2023,,,,,,,,,,
2/4/2023,0.081,0.213,0.102,0.036,0.149,0.107,0.043,0.222,0.049,1065356
2/24/2023,0.068,0.221,0.118,0.032,0.154,0.1,0.042,0.219,0.046,1065356
3/1/2023,0.059,0.263,0.154,0.035,0.149,0.09,0.044,0.161,0.044,166802
3/9/2023,0.07,0.203,0.125,0.031,0.144,0.157,0.037,0.189,0.044,1065356
3/14/2023,0.067,0.261,0.104,0.032,0.126,0.123,0.041,0.201,0.045,265600
3/16/2023,0.068,0.231,0.125,0.031,0.162,0.109,0.041,0.19,0.043,1065332
3/26/2023,0.054,0.239,0.14,0.031,0.144,0.107,0.039,0.205,0.042,1065356
3/29/2023,0.065,0.172,0.122,0.031,0.161,0.146,0.041,0.217,0.044,280566
4/3/2023,0.051,0.264,0.154,0.032,0.137,0.112,0.038,0.17,0.042,313551
4/10/2023,0.044,0.248,0.149,0.032,0.139,0.1,0.04,0.211,0.038,1065356
4/13/2023,0.042,0.227,0.142,0.032,0.128,0.126,0.036,0.227,0.039,1065356
4/18/2023,0.039,0.206,0.127,0.033,0.126,0.088,0.037,0.308,0.036,1057288
4/20/2023,0.039,0.209,0.13,0.036,0.115,0.069,0.041,0.326,0.035,1065356
4/23/2023,0.036,0.232,0.095,0.038,0.106,0.059,0.036,0.361,0.036,267601
4/25/2023,0.04,0.184,0.137,0.035,0.124,0.066,0.04,0.342,0.032,815696
5/5/2023,0.047,0.113,0.099,0.051,0.168,0.071,0.065,0.347,0.04,6827
5/10/2023,0.051,0.103,0.135,0.044,0.114,0.073,0.064,0.378,0.038,1065356
5/15/2023,0.039,0.193,0.156,0.037,0.114,0.055,0.039,0.334,0.033,1065356
5/18/2023,0.041,0.181,0.142,0.037,0.098,0.057,0.036,0.374,0.034,1065356
5/25/2023,0.043,0.201,0.154,0.036,0.123,0.06,0.038,0.316,0.03,1065356
5/30/2023,0.044,0.201,0.164,0.038,0.105,0.054,0.039,0.322,0.032,1008348
6/2/2023,0.043,0.191,0.141,0.033,0.089,0.058,0.035,0.376,0.034,1065356
6/7/2023,0.072,0.051,0.086,0.039,0.092,0.09,0.084,0.437,0.049,63919
